Criptomoneda,Fecha,Open,High,Low,Close
bitcoin,2023-02-26 19:00:00,23172.286538,23541.115854,23157.038107,23541.115854
bitcoin,2023-02-27 19:00:00,23518.123906,23634.333489,23155.543747,23464.336542
bitcoin,2023-03-06 19:00:00,22367.433022,22421.885806,22348.329915,22415.11366
bitcoin,2023-03-10 19:00:00,22217.209885,22217.209885,20195.22895,20195.22895
bitcoin,2023-03-14 19:00:00,20521.556152,24758.765086,20521.556152,24758.765086
bitcoin,2023-03-18 19:00:00,24470.882054,27466.67783,24470.882054,27107.792184
bitcoin,2023-03-22 19:00:00,28186.842652,28264.239611,27449.254831,27449.254831
bitcoin,2023-03-26 19:00:00,28459.735114,28459.735114,27595.494748,28048.469979
bitcoin,2023-03-30 19:00:00,27182.29956,28394.99778,27182.29956,28041.12308
bitcoin,2023-04-02 19:00:00,28516.78473,28516.78473,28236.508739,28236.508739
bitcoin,2023-04-06 19:00:00,27815.426531,28197.200341,27815.426531,28042.983386
bitcoin,2023-04-10 19:00:00,27934.438713,29657.974137,27934.438713,29657.974137
bitcoin,2023-04-14 19:00:00,30260.936109,30468.408701,29904.138695,30468.408701
bitcoin,2023-04-18 19:00:00,30312.16188,30365.904168,29467.459829,30365.904168
bitcoin,2023-04-22 19:00:00,28833.217501,28833.217501,27300.157129,27861.640663
bitcoin,2023-04-26 19:00:00,27606.578348,28352.191321,27511.635682,28352.191321
bitcoin,2023-04-29 19:00:00,29483.521705,29483.521705,29217.944047,29217.944047
bitcoin,2023-05-02 19:00:00,29362.056214,29362.056214,28125.501156,28654.390133
bitcoin,2023-05-06 19:00:00,28988.320996,29520.322269,28846.461459,28887.741046
bitcoin,2023-05-10 19:00:00,28611.439198,28611.439198,27607.391681,27639.733566
bitcoin,2023-05-14 19:00:00,27024.765729,27024.765729,26787.690396,26911.805273
bitcoin,2023-05-18 19:00:00,27227.793423,27389.971511,26842.952495,26842.952495
bitcoin,2023-05-22 19:00:00,26884.37106,27093.791101,26773.830244,26869.686022
bitcoin,2023-05-26 19:00:00,27222.937747,27222.937747,26338.948947,26717.987554
bitcoin,2023-05-30 19:00:00,26848.23994,28110.313468,26848.23994,27713.908548
bitcoin,2023-06-02 19:00:00,27245.474465,27247.740081,26824.1015,27247.740081
bitcoin,2023-06-06 19:00:00,27066.371329,27315.447587,25792.61609,27216.615565
bitcoin,2023-06-10 19:00:00,26346.244545,26507.909892,25858.122892,25858.122892
bitcoin,2023-06-14 19:00:00,25916.579896,25916.579896,25107.754696,25107.754696
bitcoin,2023-06-18 19:00:00,25564.599633,26501.044442,25564.599633,26333.09253
bitcoin,2023-06-22 19:00:00,26779.387462,30101.764819,26779.387462,29935.632107
bitcoin,2023-06-26 19:00:00,30629.244353,30629.244353,30285.505064,30285.505064
bitcoin,2023-06-29 19:00:00,30693.546356,30693.546356,30083.477245,30466.610457
bitcoin,2023-07-02 19:00:00,30480.781482,30583.6196,30480.781482,30571.887073
bitcoin,2023-07-06 19:00:00,31134.713134,31134.713134,29990.055151,29990.055151
bitcoin,2023-07-10 19:00:00,30315.265402,30394.281146,30169.870657,30394.281146
bitcoin,2023-07-14 19:00:00,30620.814247,31446.014971,30311.827808,30311.827808
bitcoin,2023-07-18 19:00:00,30297.9714,30297.9714,29848.032273,29848.032273
bitcoin,2023-07-22 19:00:00,29919.874838,29919.874838,29710.155936,29710.155936
bitcoin,2023-07-26 19:00:00,30057.956719,30057.956719,29184.901913,29363.672908
bitcoin,2023-07-30 19:00:00,29200.244001,29356.747746,29200.244001,29277.75581
bitcoin,2023-08-02 19:00:00,29233.136366,29537.109747,29146.636271,29146.636271
bitcoin,2023-08-06 19:00:00,29176.150597,29176.150597,29044.204376,29044.204376
bitcoin,2023-08-10 19:00:00,29178.147752,29779.561671,29178.147752,29423.818916
bitcoin,2023-08-14 19:00:00,29396.847971,29412.142275,29284.969714,29400.586804
bitcoin,2023-08-18 19:00:00,29170.490397,29170.490397,26042.838257,26042.838257
bitcoin,2023-08-22 19:00:00,26104.778631,26160.70042,26033.675407,26033.675407
ethereum,2023-02-26 19:00:00,1608.103494,1640.58271,1593.951974,1640.58271
ethereum,2023-02-27 19:00:00,1633.976629,1663.925777,1606.632639,1647.664667
ethereum,2023-03-06 19:00:00,1570.668211,1570.668211,1563.225662,1567.350147
ethereum,2023-03-10 19:00:00,1563.813182,1563.813182,1429.603169,1429.603169
ethereum,2023-03-14 19:00:00,1474.403244,1708.300897,1474.403244,1708.300897
ethereum,2023-03-18 19:00:00,1658.070109,1793.298802,1658.070109,1769.425327
ethereum,2023-03-22 19:00:00,1801.367419,1811.411244,1744.44146,1747.640028
ethereum,2023-03-26 19:00:00,1824.956658,1824.956658,1751.219408,1776.86769
ethereum,2023-03-30 19:00:00,1719.170973,1795.536948,1719.170973,1792.908578
ethereum,2023-04-02 19:00:00,1824.020006,1824.020006,1797.736988,1797.736988
ethereum,2023-04-06 19:00:00,1810.466255,1911.33869,1810.466255,1872.246682
ethereum,2023-04-10 19:00:00,1866.657545,1909.882061,1851.050671,1909.882061
ethereum,2023-04-14 19:00:00,1892.938911,2102.946188,1892.938911,2102.946188
ethereum,2023-04-18 19:00:00,2093.166331,2118.598789,2077.535665,2103.278814
ethereum,2023-04-22 19:00:00,1936.425921,1943.435598,1850.149738,1877.541328
ethereum,2023-04-26 19:00:00,1863.639142,1870.565223,1842.630792,1867.589325
ethereum,2023-04-29 19:00:00,1910.456779,1910.456779,1894.428084,1905.273852
ethereum,2023-05-02 19:00:00,1885.391935,1885.391935,1832.725799,1870.828573
ethereum,2023-05-06 19:00:00,1903.728211,1993.612966,1877.401195,1900.410599
ethereum,2023-05-10 19:00:00,1895.230148,1895.230148,1842.865559,1842.865559
ethereum,2023-05-14 19:00:00,1798.071946,1808.695,1797.19947,1799.008659
ethereum,2023-05-18 19:00:00,1820.04476,1823.663018,1802.390955,1802.390955
ethereum,2023-05-22 19:00:00,1812.131704,1818.96953,1804.929067,1818.401464
ethereum,2023-05-26 19:00:00,1854.193118,1854.193118,1800.73601,1828.956537
ethereum,2023-05-30 19:00:00,1830.306651,1913.816249,1830.306651,1901.07831
ethereum,2023-06-02 19:00:00,1874.694885,1907.212322,1861.725387,1907.212322
ethereum,2023-06-06 19:00:00,1892.078176,1893.17828,1813.681655,1883.242585
ethereum,2023-06-10 19:00:00,1832.320403,1846.030002,1754.673228,1754.673228
ethereum,2023-06-14 19:00:00,1751.724597,1751.724597,1650.676668,1650.676668
ethereum,2023-06-18 19:00:00,1664.977462,1726.37281,1664.977462,1719.273162
ethereum,2023-06-22 19:00:00,1734.793103,1892.899572,1734.793103,1874.177947
ethereum,2023-06-26 19:00:00,1891.345008,1899.147312,1859.80242,1859.80242
ethereum,2023-06-29 19:00:00,1890.012904,1890.012904,1828.458336,1853.445246
ethereum,2023-07-02 19:00:00,1934.045714,1934.045714,1924.567241,1933.959881
ethereum,2023-07-06 19:00:00,1953.781128,1953.781128,1855.474784,1855.474784
ethereum,2023-07-10 19:00:00,1869.317187,1875.274273,1864.868592,1875.274273
ethereum,2023-07-14 19:00:00,1875.865872,2003.253616,1873.506815,1935.940241
ethereum,2023-07-18 19:00:00,1931.389384,1931.389384,1897.199113,1897.199113
ethereum,2023-07-22 19:00:00,1889.223806,1891.472403,1858.311196,1858.311196
ethereum,2023-07-26 19:00:00,1887.826981,1887.826981,1850.431151,1871.533106
ethereum,2023-07-30 19:00:00,1858.777021,1880.918077,1858.777021,1861.86991
ethereum,2023-08-02 19:00:00,1857.276196,1869.745109,1838.011952,1838.011952
ethereum,2023-08-06 19:00:00,1835.701303,1835.701303,1826.706779,1826.706779
ethereum,2023-08-10 19:00:00,1826.933486,1856.844145,1826.933486,1850.876989
ethereum,2023-08-14 19:00:00,1847.541835,1848.505239,1839.51281,1843.513391
ethereum,2023-08-18 19:00:00,1826.913128,1826.913128,1660.67911,1660.67911
ethereum,2023-08-22 19:00:00,1669.233455,1682.461825,1635.191294,1635.191294
tether,2023-02-26 19:00:00,0.999823,1.00021,0.999806,0.999806
tether,2023-02-27 19:00:00,1.000582,1.000582,0.998543,1.000016
tether,2023-03-06 19:00:00,1.000749,1.001415,1.000188,1.000361
tether,2023-03-10 19:00:00,1.00085,1.001743,1.000015,1.00097
tether,2023-03-14 19:00:00,1.002925,1.007303,1.002925,1.003882
tether,2023-03-18 19:00:00,1.006584,1.006988,1.0,1.0
tether,2023-03-22 19:00:00,1.00561,1.009594,1.00561,1.007807
tether,2023-03-26 19:00:00,1.004765,1.007604,1.001103,1.001103
tether,2023-03-30 19:00:00,1.002017,1.002017,1.000674,1.000674
tether,2023-04-02 19:00:00,1.00089,1.002022,1.00089,1.002022
tether,2023-04-06 19:00:00,1.000289,1.001189,1.000264,1.000621
tether,2023-04-10 19:00:00,1.001106,1.001359,1.001021,1.001167
tether,2023-04-14 19:00:00,1.001054,1.001766,1.000794,1.001115
tether,2023-04-18 19:00:00,1.0007,1.001583,1.000532,1.000532
tether,2023-04-22 19:00:00,1.001357,1.002001,1.000381,1.002001
tether,2023-04-26 19:00:00,1.001164,1.001474,1.000297,1.000297
tether,2023-04-29 19:00:00,1.001351,1.001351,1.000794,1.000952
tether,2023-05-02 19:00:00,1.001363,1.001363,1.001332,1.001341
tether,2023-05-06 19:00:00,1.000373,1.001741,1.000373,1.001741
tether,2023-05-10 19:00:00,1.001478,1.001478,0.998774,0.999773
tether,2023-05-14 19:00:00,0.999993,1.00106,0.999993,1.000041
tether,2023-05-18 19:00:00,1.001635,1.001635,0.999302,0.999371
tether,2023-05-22 19:00:00,1.000566,1.000566,1.000118,1.00019
tether,2023-05-26 19:00:00,1.000076,1.000669,0.999663,1.000669
tether,2023-05-30 19:00:00,1.000147,1.000454,1.000147,1.000277
tether,2023-06-02 19:00:00,1.000404,1.000404,1.000282,1.000377
tether,2023-06-06 19:00:00,1.000373,1.00246,1.000373,1.000455
tether,2023-06-10 19:00:00,0.999849,1.000543,0.999803,1.000543
tether,2023-06-14 19:00:00,1.000549,1.000549,0.999,0.999058
tether,2023-06-18 19:00:00,0.999088,0.999607,0.998907,0.999607
tether,2023-06-22 19:00:00,1.000119,1.000856,0.999061,1.000856
tether,2023-06-26 19:00:00,1.000699,1.000873,0.9997,1.00025
tether,2023-06-29 19:00:00,0.99982,1.000383,0.999451,1.000383
tether,2023-07-02 19:00:00,0.999596,1.000183,0.999019,0.999019
tether,2023-07-06 19:00:00,0.999796,0.999999,0.999232,0.999999
tether,2023-07-10 19:00:00,1.000122,1.000242,0.999836,1.000096
tether,2023-07-14 19:00:00,1.000126,1.000707,1.000126,1.000707
tether,2023-07-18 19:00:00,1.000653,1.000653,0.999807,1.000481
tether,2023-07-22 19:00:00,1.000293,1.000293,0.999749,0.999749
tether,2023-07-26 19:00:00,0.999898,1.000833,0.999606,1.000833
tether,2023-07-30 19:00:00,0.99974,1.000238,0.99974,1.000238
tether,2023-08-02 19:00:00,0.999867,0.999942,0.999242,0.999242
tether,2023-08-06 19:00:00,0.99868,0.998987,0.99832,0.99832
tether,2023-08-10 19:00:00,0.998873,0.999945,0.998873,0.998899
tether,2023-08-14 19:00:00,0.998938,0.999384,0.998713,0.998713
tether,2023-08-18 19:00:00,0.998893,0.99975,0.996174,0.999381
tether,2023-08-22 19:00:00,1.000243,1.000243,0.999208,1.0002
binancecoin,2023-02-26 19:00:00,301.830028,308.574094,301.830028,308.574094
binancecoin,2023-02-27 19:00:00,304.560201,304.560201,299.820545,299.820545
binancecoin,2023-03-06 19:00:00,290.218136,290.218136,288.021653,288.021653
binancecoin,2023-03-10 19:00:00,289.245101,289.245101,277.032591,277.032591
binancecoin,2023-03-14 19:00:00,275.737205,309.576172,275.737205,309.576172
binancecoin,2023-03-18 19:00:00,307.720139,339.763788,307.720139,333.031729
binancecoin,2023-03-22 19:00:00,337.452149,337.452149,323.601305,323.601305
binancecoin,2023-03-26 19:00:00,331.247889,331.247889,324.07681,329.146515
binancecoin,2023-03-30 19:00:00,311.512061,317.120668,311.512061,317.120668
binancecoin,2023-04-02 19:00:00,317.260115,317.260115,314.111739,314.111739
binancecoin,2023-04-06 19:00:00,308.846088,314.276761,308.846088,312.368648
binancecoin,2023-04-10 19:00:00,310.825809,318.226319,310.661831,318.226319
binancecoin,2023-04-14 19:00:00,322.731167,328.975538,320.285857,328.975538
binancecoin,2023-04-18 19:00:00,333.266296,347.865589,333.266296,343.009012
binancecoin,2023-04-22 19:00:00,322.347166,332.41202,317.775569,332.41202
binancecoin,2023-04-26 19:00:00,330.680014,339.096254,330.437216,330.437216
binancecoin,2023-04-29 19:00:00,331.514836,331.514836,321.773912,321.773912
binancecoin,2023-05-02 19:00:00,337.621521,337.621521,322.205944,322.205944
binancecoin,2023-05-06 19:00:00,326.011821,326.824903,322.697754,322.697754
binancecoin,2023-05-10 19:00:00,322.308903,322.308903,312.129402,314.575174
binancecoin,2023-05-14 19:00:00,307.787999,311.902344,307.787999,311.902344
binancecoin,2023-05-18 19:00:00,313.937586,313.95161,309.500659,309.500659
binancecoin,2023-05-22 19:00:00,308.979284,310.470526,306.561232,309.257749
binancecoin,2023-05-26 19:00:00,313.458618,313.458618,304.688064,307.145363
binancecoin,2023-05-30 19:00:00,307.45404,314.336513,307.45404,311.603735
binancecoin,2023-06-02 19:00:00,307.011328,307.297176,304.981316,307.297176
binancecoin,2023-06-06 19:00:00,306.658361,306.658361,276.940843,281.469969
binancecoin,2023-06-10 19:00:00,259.225298,262.168089,239.265327,239.265327
binancecoin,2023-06-14 19:00:00,235.199263,243.252134,231.066308,237.508183
binancecoin,2023-06-18 19:00:00,236.097058,244.426681,236.097058,244.002668
binancecoin,2023-06-22 19:00:00,242.740726,249.358236,240.918043,240.918043
binancecoin,2023-06-26 19:00:00,244.299725,244.299725,236.170319,236.170319
binancecoin,2023-06-29 19:00:00,237.496341,237.496341,230.49804,233.406202
binancecoin,2023-07-02 19:00:00,240.515441,247.346428,240.515441,245.630907
binancecoin,2023-07-06 19:00:00,246.032298,246.032298,232.496272,232.496272
binancecoin,2023-07-10 19:00:00,235.338893,245.439298,234.140419,245.439298
binancecoin,2023-07-14 19:00:00,248.398356,255.788291,244.268615,247.695854
binancecoin,2023-07-18 19:00:00,251.092986,251.092986,240.27093,240.27093
binancecoin,2023-07-22 19:00:00,241.332773,243.768842,240.537852,240.537852
binancecoin,2023-07-26 19:00:00,242.381424,242.381424,237.730347,239.020092
binancecoin,2023-07-30 19:00:00,240.417367,242.556325,240.417367,242.540332
binancecoin,2023-08-02 19:00:00,241.193557,247.428737,240.379008,240.379008
binancecoin,2023-08-06 19:00:00,241.143787,242.88197,241.143787,242.574998
binancecoin,2023-08-10 19:00:00,241.738425,245.179427,241.231912,241.231912
binancecoin,2023-08-14 19:00:00,239.595822,240.358056,239.595822,240.358056
binancecoin,2023-08-18 19:00:00,236.607285,236.607285,215.972916,215.972916
binancecoin,2023-08-22 19:00:00,217.075522,217.075522,210.588285,210.838317
ripple,2023-02-26 19:00:00,0.379095,0.379095,0.378009,0.378009
ripple,2023-02-27 19:00:00,0.379337,0.384212,0.377828,0.377828
ripple,2023-03-06 19:00:00,0.379773,0.379773,0.368702,0.37095
ripple,2023-03-10 19:00:00,0.380919,0.389546,0.371984,0.371984
ripple,2023-03-14 19:00:00,0.366037,0.374893,0.366037,0.374893
ripple,2023-03-18 19:00:00,0.36204,0.380984,0.36204,0.376413
ripple,2023-03-22 19:00:00,0.389287,0.470749,0.377235,0.425218
ripple,2023-03-26 19:00:00,0.44822,0.450798,0.4268,0.450798
ripple,2023-03-30 19:00:00,0.480489,0.545396,0.480489,0.537231
ripple,2023-04-02 19:00:00,0.538909,0.538909,0.510864,0.520639
ripple,2023-04-06 19:00:00,0.497623,0.506489,0.497623,0.503391
ripple,2023-04-10 19:00:00,0.514189,0.518237,0.505905,0.518237
ripple,2023-04-14 19:00:00,0.517487,0.523743,0.505475,0.523743
ripple,2023-04-18 19:00:00,0.520806,0.531374,0.511424,0.531374
ripple,2023-04-22 19:00:00,0.49094,0.49094,0.449778,0.474017
ripple,2023-04-26 19:00:00,0.465374,0.470112,0.461374,0.461767
ripple,2023-04-29 19:00:00,0.467124,0.480183,0.467124,0.477759
ripple,2023-05-02 19:00:00,0.473067,0.473067,0.465035,0.465035
ripple,2023-05-06 19:00:00,0.463365,0.467826,0.460065,0.460065
ripple,2023-05-10 19:00:00,0.452959,0.452959,0.429675,0.432245
ripple,2023-05-14 19:00:00,0.422956,0.431633,0.422956,0.426351
ripple,2023-05-18 19:00:00,0.428405,0.460764,0.428405,0.460764
ripple,2023-05-22 19:00:00,0.468877,0.469594,0.458641,0.462352
ripple,2023-05-26 19:00:00,0.466039,0.469745,0.454115,0.469745
ripple,2023-05-30 19:00:00,0.472216,0.522319,0.472216,0.522319
ripple,2023-06-02 19:00:00,0.519347,0.525913,0.50846,0.525913
ripple,2023-06-06 19:00:00,0.519972,0.537624,0.512256,0.531714
ripple,2023-06-10 19:00:00,0.520862,0.538716,0.510823,0.510823
ripple,2023-06-14 19:00:00,0.523466,0.527292,0.481985,0.481985
ripple,2023-06-18 19:00:00,0.48187,0.488737,0.47743,0.488737
ripple,2023-06-22 19:00:00,0.493941,0.500997,0.492273,0.495266
ripple,2023-06-26 19:00:00,0.496133,0.496133,0.47915,0.47915
ripple,2023-06-29 19:00:00,0.48437,0.48437,0.464818,0.474588
ripple,2023-07-02 19:00:00,0.473648,0.483826,0.473316,0.483826
ripple,2023-07-06 19:00:00,0.489516,0.489516,0.464409,0.464409
ripple,2023-07-10 19:00:00,0.468364,0.477317,0.468192,0.477317
ripple,2023-07-14 19:00:00,0.475463,0.812509,0.471376,0.719679
ripple,2023-07-18 19:00:00,0.713256,0.781263,0.713256,0.781263
ripple,2023-07-22 19:00:00,0.821237,0.821237,0.731402,0.731402
ripple,2023-07-26 19:00:00,0.737991,0.737991,0.703525,0.715877
ripple,2023-07-30 19:00:00,0.713436,0.713436,0.704911,0.704911
ripple,2023-08-02 19:00:00,0.69903,0.707216,0.68474,0.68474
ripple,2023-08-06 19:00:00,0.66421,0.66421,0.622153,0.622153
ripple,2023-08-10 19:00:00,0.620838,0.643605,0.620838,0.633214
ripple,2023-08-14 19:00:00,0.631618,0.634681,0.625689,0.634681
ripple,2023-08-18 19:00:00,0.60933,0.60933,0.504536,0.505539
ripple,2023-08-22 19:00:00,0.519734,0.539032,0.519734,0.520924
usd-coin,2023-02-26 19:00:00,0.99988,1.000619,0.99988,1.000619
usd-coin,2023-02-27 19:00:00,1.000753,1.000753,0.999085,0.999628
usd-coin,2023-03-06 19:00:00,1.000615,1.001286,1.000418,1.000418
usd-coin,2023-03-10 19:00:00,1.000626,1.001511,0.993484,0.993484
usd-coin,2023-03-14 19:00:00,0.965578,1.00081,0.965578,1.00081
usd-coin,2023-03-18 19:00:00,1.003098,1.004135,1.002458,1.004135
usd-coin,2023-03-22 19:00:00,1.001235,1.005927,1.001235,1.005055
usd-coin,2023-03-26 19:00:00,1.003115,1.00653,0.999799,0.999799
usd-coin,2023-03-30 19:00:00,1.001564,1.001564,0.999799,1.000354
usd-coin,2023-04-02 19:00:00,1.000231,1.001369,1.000231,1.001369
usd-coin,2023-04-06 19:00:00,0.999286,1.000599,0.999286,1.000118
usd-coin,2023-04-10 19:00:00,1.000648,1.000648,1.000272,1.000369
usd-coin,2023-04-14 19:00:00,1.000405,1.001245,0.999721,1.000525
usd-coin,2023-04-18 19:00:00,0.999354,1.000377,0.999354,0.999641
usd-coin,2023-04-22 19:00:00,1.000924,1.001342,1.000285,1.001342
usd-coin,2023-04-26 19:00:00,1.000646,1.001014,0.999349,0.999669
usd-coin,2023-04-29 19:00:00,1.000604,1.000604,1.000077,1.000456
usd-coin,2023-05-02 19:00:00,1.000403,1.000663,0.998538,0.998538
usd-coin,2023-05-06 19:00:00,0.998174,1.000033,0.998174,0.999246
usd-coin,2023-05-10 19:00:00,1.002494,1.002494,0.998508,0.998842
usd-coin,2023-05-14 19:00:00,1.000743,1.000833,0.998225,0.999459
usd-coin,2023-05-18 19:00:00,1.000716,1.000716,0.998042,0.998042
usd-coin,2023-05-22 19:00:00,0.999595,1.000076,0.999569,1.000076
usd-coin,2023-05-26 19:00:00,0.999627,1.000056,0.999627,0.999661
usd-coin,2023-05-30 19:00:00,0.998199,1.0011,0.998199,0.999733
usd-coin,2023-06-02 19:00:00,1.000546,1.000546,0.999678,0.999678
usd-coin,2023-06-06 19:00:00,1.000086,1.001676,1.000086,1.000343
usd-coin,2023-06-10 19:00:00,0.999801,0.999937,0.999304,0.999798
usd-coin,2023-06-14 19:00:00,1.000203,1.000431,0.999347,0.999347
usd-coin,2023-06-18 19:00:00,1.000089,1.000089,0.999417,0.999524
usd-coin,2023-06-22 19:00:00,1.000327,1.000327,0.999635,0.999805
usd-coin,2023-06-26 19:00:00,1.000134,1.00139,0.999369,1.00139
usd-coin,2023-06-29 19:00:00,0.999739,0.999752,0.999633,0.999752
usd-coin,2023-07-02 19:00:00,1.000428,1.000428,0.999778,0.999778
usd-coin,2023-07-06 19:00:00,0.999672,1.000177,0.999402,0.999822
usd-coin,2023-07-10 19:00:00,0.999623,1.000804,0.999623,0.999758
usd-coin,2023-07-14 19:00:00,1.000114,1.00049,0.999008,1.000131
usd-coin,2023-07-18 19:00:00,1.000122,1.000883,0.999034,1.000883
usd-coin,2023-07-22 19:00:00,1.000051,1.000051,0.999468,0.999706
usd-coin,2023-07-26 19:00:00,0.999549,1.001615,0.999549,1.000542
usd-coin,2023-07-30 19:00:00,0.999957,1.000102,0.999496,1.000102
usd-coin,2023-08-02 19:00:00,1.000006,1.002543,0.999738,0.999738
usd-coin,2023-08-06 19:00:00,0.999629,1.000425,0.999629,0.999814
usd-coin,2023-08-10 19:00:00,1.000073,1.000085,0.999861,0.999861
usd-coin,2023-08-14 19:00:00,1.000269,1.000269,0.999688,0.999688
usd-coin,2023-08-18 19:00:00,0.999975,1.000939,0.995522,0.999658
usd-coin,2023-08-22 19:00:00,1.000504,1.000504,0.999293,0.999795
staked-ether,2023-02-26 19:00:00,1605.812548,1639.407807,1592.059335,1639.407807
staked-ether,2023-02-27 19:00:00,1632.949035,1662.292262,1603.774171,1647.349369
staked-ether,2023-03-06 19:00:00,1568.087478,1568.087478,1563.386024,1566.195248
staked-ether,2023-03-10 19:00:00,1562.878046,1562.878046,1428.437214,1428.437214
staked-ether,2023-03-14 19:00:00,1460.068577,1699.911112,1460.068577,1699.911112
staked-ether,2023-03-18 19:00:00,1655.475844,1787.103066,1655.475844,1763.437648
staked-ether,2023-03-22 19:00:00,1804.181871,1807.839361,1741.55827,1743.265207
staked-ether,2023-03-26 19:00:00,1813.043657,1813.043657,1746.332146,1770.828574
staked-ether,2023-03-30 19:00:00,1713.858788,1791.242385,1713.858788,1788.145899
staked-ether,2023-04-02 19:00:00,1820.918138,1820.918138,1790.21015,1790.21015
staked-ether,2023-04-06 19:00:00,1806.825427,1905.731429,1806.825427,1865.737867
staked-ether,2023-04-10 19:00:00,1856.477099,1897.559865,1845.104486,1897.559865
staked-ether,2023-04-14 19:00:00,1887.829401,2097.537669,1887.829401,2097.537669
staked-ether,2023-04-18 19:00:00,2087.294065,2134.412121,2071.275345,2104.170509
staked-ether,2023-04-22 19:00:00,1935.049446,1937.503968,1849.094578,1877.343304
staked-ether,2023-04-26 19:00:00,1856.712955,1866.393064,1840.53327,1866.393064
staked-ether,2023-04-29 19:00:00,1906.173239,1906.173239,1891.414627,1900.725103
staked-ether,2023-05-02 19:00:00,1882.676701,1882.676701,1828.887247,1869.955182
staked-ether,2023-05-06 19:00:00,1900.616974,1991.803977,1875.378873,1893.433204
staked-ether,2023-05-10 19:00:00,1894.93838,1894.93838,1842.405625,1842.405625
staked-ether,2023-05-14 19:00:00,1797.144287,1808.254952,1796.056104,1797.794446
staked-ether,2023-05-18 19:00:00,1819.789199,1823.452791,1801.312503,1801.312503
staked-ether,2023-05-22 19:00:00,1810.845716,1817.273502,1804.828739,1816.989854
staked-ether,2023-05-26 19:00:00,1851.311145,1851.311145,1800.593326,1827.952744
staked-ether,2023-05-30 19:00:00,1827.922035,1912.443256,1827.922035,1900.400761
staked-ether,2023-06-02 19:00:00,1873.401413,1905.92661,1860.940931,1905.92661
staked-ether,2023-06-06 19:00:00,1892.641867,1892.641867,1810.736715,1881.722107
staked-ether,2023-06-10 19:00:00,1830.287258,1844.528497,1753.075321,1753.075321
staked-ether,2023-06-14 19:00:00,1750.768978,1750.768978,1650.258308,1650.258308
staked-ether,2023-06-18 19:00:00,1664.18538,1725.29974,1664.18538,1717.346227
staked-ether,2023-06-22 19:00:00,1732.312209,1892.281391,1732.312209,1873.397888
staked-ether,2023-06-26 19:00:00,1891.470858,1898.477538,1858.746325,1858.746325
staked-ether,2023-06-29 19:00:00,1888.537447,1888.537447,1828.364399,1853.440041
staked-ether,2023-07-02 19:00:00,1933.60185,1933.60185,1920.944336,1932.882838
staked-ether,2023-07-06 19:00:00,1953.636998,1953.636998,1855.556886,1855.556886
staked-ether,2023-07-10 19:00:00,1868.815889,1879.146799,1862.660399,1879.146799
staked-ether,2023-07-14 19:00:00,1878.375994,2003.045107,1872.938481,1935.58082
staked-ether,2023-07-18 19:00:00,1930.481759,1930.481759,1896.009013,1896.009013
staked-ether,2023-07-22 19:00:00,1890.213942,1891.516476,1858.692044,1858.692044
staked-ether,2023-07-26 19:00:00,1886.872313,1886.872313,1850.727789,1871.911729
staked-ether,2023-07-30 19:00:00,1857.889165,1879.405655,1857.889165,1859.788253
staked-ether,2023-08-02 19:00:00,1857.553475,1879.224683,1836.064961,1836.064961
staked-ether,2023-08-06 19:00:00,1835.26831,1835.26831,1826.235283,1826.235283
staked-ether,2023-08-10 19:00:00,1821.723824,1856.795133,1821.723824,1849.451423
staked-ether,2023-08-14 19:00:00,1846.298313,1846.710998,1837.912572,1842.552503
staked-ether,2023-08-18 19:00:00,1826.36134,1826.36134,1659.990165,1659.990165
staked-ether,2023-08-22 19:00:00,1668.863869,1683.121243,1631.335095,1631.335095
cardano,2023-02-26 19:00:00,0.365932,0.369101,0.362651,0.369101
cardano,2023-02-27 19:00:00,0.365401,0.365401,0.35045,0.35045
cardano,2023-03-06 19:00:00,0.343687,0.343687,0.331456,0.331456
cardano,2023-03-10 19:00:00,0.33134,0.33134,0.310324,0.315614
cardano,2023-03-14 19:00:00,0.305931,0.344403,0.305931,0.344403
cardano,2023-03-18 19:00:00,0.325547,0.350248,0.325547,0.338968
cardano,2023-03-22 19:00:00,0.348534,0.373104,0.334675,0.363063
cardano,2023-03-26 19:00:00,0.373908,0.373908,0.354723,0.357011
cardano,2023-03-30 19:00:00,0.346916,0.382589,0.346916,0.377093
cardano,2023-04-02 19:00:00,0.399465,0.399465,0.382296,0.382296
cardano,2023-04-06 19:00:00,0.387779,0.39267,0.383787,0.383787
cardano,2023-04-10 19:00:00,0.384286,0.397182,0.384286,0.397182
cardano,2023-04-14 19:00:00,0.401664,0.43892,0.401664,0.43892
cardano,2023-04-18 19:00:00,0.454158,0.454158,0.434619,0.443614
cardano,2023-04-22 19:00:00,0.41525,0.41525,0.382983,0.396924
cardano,2023-04-26 19:00:00,0.389096,0.401301,0.384051,0.401301
cardano,2023-04-29 19:00:00,0.410319,0.410319,0.402617,0.402617
cardano,2023-05-02 19:00:00,0.398259,0.398259,0.387299,0.391565
cardano,2023-05-06 19:00:00,0.393838,0.394535,0.380261,0.380261
cardano,2023-05-10 19:00:00,0.378091,0.378091,0.363578,0.370609
cardano,2023-05-14 19:00:00,0.360629,0.370819,0.360629,0.370819
cardano,2023-05-18 19:00:00,0.368085,0.375195,0.368085,0.372739
cardano,2023-05-22 19:00:00,0.368599,0.368599,0.361094,0.368246
cardano,2023-05-26 19:00:00,0.370583,0.370583,0.358557,0.362998
cardano,2023-05-30 19:00:00,0.367052,0.383357,0.367052,0.377981
cardano,2023-06-02 19:00:00,0.375086,0.37849,0.365175,0.37849
cardano,2023-06-06 19:00:00,0.375948,0.378625,0.35208,0.354105
cardano,2023-06-10 19:00:00,0.322391,0.323167,0.27631,0.27631
cardano,2023-06-14 19:00:00,0.272899,0.275657,0.263209,0.263209
cardano,2023-06-18 19:00:00,0.2617,0.266965,0.261127,0.261127
cardano,2023-06-22 19:00:00,0.263035,0.29026,0.263035,0.29026
cardano,2023-06-26 19:00:00,0.295871,0.295871,0.280616,0.280616
cardano,2023-06-29 19:00:00,0.286364,0.286364,0.266987,0.275736
cardano,2023-07-02 19:00:00,0.286846,0.292131,0.286846,0.291575
cardano,2023-07-06 19:00:00,0.295718,0.295718,0.280017,0.280017
cardano,2023-07-10 19:00:00,0.284154,0.290593,0.284154,0.287748
cardano,2023-07-14 19:00:00,0.292667,0.356884,0.288738,0.328667
cardano,2023-07-18 19:00:00,0.325938,0.325938,0.306933,0.306933
cardano,2023-07-22 19:00:00,0.324082,0.324082,0.308174,0.308174
cardano,2023-07-26 19:00:00,0.317034,0.317034,0.303891,0.306585
cardano,2023-07-30 19:00:00,0.307431,0.315337,0.307431,0.315337
cardano,2023-08-02 19:00:00,0.307346,0.309375,0.299005,0.299005
cardano,2023-08-06 19:00:00,0.292438,0.293599,0.291698,0.291698
cardano,2023-08-10 19:00:00,0.290181,0.301206,0.290181,0.296027
cardano,2023-08-14 19:00:00,0.293325,0.293325,0.289372,0.290452
cardano,2023-08-18 19:00:00,0.281729,0.281729,0.254361,0.263688
cardano,2023-08-22 19:00:00,0.268186,0.270308,0.258382,0.258382
dogecoin,2023-02-26 19:00:00,0.081024,0.082299,0.080887,0.082299
dogecoin,2023-02-27 19:00:00,0.081467,0.082127,0.080564,0.080564
dogecoin,2023-03-06 19:00:00,0.077033,0.077033,0.074843,0.075006
dogecoin,2023-03-10 19:00:00,0.074202,0.074202,0.066105,0.066105
dogecoin,2023-03-14 19:00:00,0.06647,0.075018,0.06647,0.075018
dogecoin,2023-03-18 19:00:00,0.070145,0.076735,0.070145,0.073426
dogecoin,2023-03-22 19:00:00,0.075276,0.077333,0.072129,0.074536
dogecoin,2023-03-26 19:00:00,0.07796,0.07796,0.074612,0.074612
dogecoin,2023-03-30 19:00:00,0.073235,0.075837,0.073235,0.074472
dogecoin,2023-04-02 19:00:00,0.07723,0.081864,0.07723,0.079328
dogecoin,2023-04-06 19:00:00,0.096152,0.096152,0.085513,0.085513
dogecoin,2023-04-10 19:00:00,0.082542,0.084851,0.081467,0.084851
dogecoin,2023-04-14 19:00:00,0.084254,0.088739,0.083523,0.088739
dogecoin,2023-04-18 19:00:00,0.089024,0.093982,0.089024,0.093982
dogecoin,2023-04-22 19:00:00,0.087667,0.087667,0.078496,0.080553
dogecoin,2023-04-26 19:00:00,0.078964,0.079981,0.078635,0.078635
dogecoin,2023-04-29 19:00:00,0.080258,0.081573,0.080258,0.081573
dogecoin,2023-05-02 19:00:00,0.079951,0.079951,0.078825,0.078825
dogecoin,2023-05-06 19:00:00,0.079702,0.080367,0.076913,0.076913
dogecoin,2023-05-10 19:00:00,0.077033,0.077033,0.072559,0.073393
dogecoin,2023-05-14 19:00:00,0.072171,0.07273,0.071899,0.072096
dogecoin,2023-05-18 19:00:00,0.072184,0.074905,0.072184,0.073624
dogecoin,2023-05-22 19:00:00,0.0736,0.073722,0.072257,0.073093
dogecoin,2023-05-26 19:00:00,0.072956,0.072956,0.070846,0.071095
dogecoin,2023-05-30 19:00:00,0.072773,0.073681,0.072392,0.072392
dogecoin,2023-06-02 19:00:00,0.071762,0.072622,0.071563,0.072622
dogecoin,2023-06-06 19:00:00,0.072514,0.072633,0.066806,0.070411
dogecoin,2023-06-10 19:00:00,0.067415,0.069586,0.062034,0.062034
dogecoin,2023-06-14 19:00:00,0.061684,0.061776,0.060479,0.060479
dogecoin,2023-06-18 19:00:00,0.061616,0.062345,0.061616,0.062345
dogecoin,2023-06-22 19:00:00,0.062378,0.065827,0.062378,0.065676
dogecoin,2023-06-26 19:00:00,0.068263,0.068263,0.06477,0.06477
dogecoin,2023-06-29 19:00:00,0.065546,0.065546,0.062562,0.063458
dogecoin,2023-07-02 19:00:00,0.066438,0.068428,0.066438,0.067906
dogecoin,2023-07-06 19:00:00,0.068315,0.068976,0.065176,0.065176
dogecoin,2023-07-10 19:00:00,0.065393,0.065785,0.0652,0.0652
dogecoin,2023-07-14 19:00:00,0.065328,0.070533,0.06507,0.068471
dogecoin,2023-07-18 19:00:00,0.072033,0.072033,0.06861,0.06861
dogecoin,2023-07-22 19:00:00,0.070176,0.073368,0.070176,0.070418
dogecoin,2023-07-26 19:00:00,0.071893,0.081719,0.071893,0.077942
dogecoin,2023-07-30 19:00:00,0.077524,0.080199,0.077283,0.078035
dogecoin,2023-08-02 19:00:00,0.077873,0.077873,0.074167,0.074167
dogecoin,2023-08-06 19:00:00,0.073642,0.075603,0.073471,0.074149
dogecoin,2023-08-10 19:00:00,0.073374,0.075759,0.073374,0.075759
dogecoin,2023-08-14 19:00:00,0.075714,0.076696,0.074764,0.074764
dogecoin,2023-08-18 19:00:00,0.070818,0.070818,0.061057,0.063189
dogecoin,2023-08-22 19:00:00,0.063734,0.063744,0.062501,0.062579
solana,2023-02-26 19:00:00,23.058353,23.230913,22.410354,23.230913
solana,2023-02-27 19:00:00,22.693578,22.693578,21.915751,21.974017
solana,2023-03-06 19:00:00,21.406769,21.406769,20.630964,20.630964
solana,2023-03-10 19:00:00,20.272742,20.272742,17.333062,18.212698
solana,2023-03-14 19:00:00,18.068482,20.979935,18.068482,20.979935
solana,2023-03-18 19:00:00,19.3364,21.644628,19.3364,21.317463
solana,2023-03-22 19:00:00,22.022111,22.740206,21.578068,21.578068
solana,2023-03-26 19:00:00,22.306155,22.306155,20.593699,20.982289
solana,2023-03-30 19:00:00,19.95754,21.132334,19.95754,20.574405
solana,2023-04-02 19:00:00,21.205402,21.205402,20.565439,20.565439
solana,2023-04-06 19:00:00,20.43669,20.982374,20.43669,20.609003
solana,2023-04-10 19:00:00,20.483785,20.875123,20.042581,20.875123
solana,2023-04-14 19:00:00,23.005655,24.773714,23.005655,24.773714
solana,2023-04-18 19:00:00,24.076087,25.295765,24.076087,24.828832
solana,2023-04-22 19:00:00,22.669218,22.669218,21.25633,21.851498
solana,2023-04-26 19:00:00,21.499273,21.939612,21.256248,21.256248
solana,2023-04-29 19:00:00,22.337864,23.374818,22.337864,23.128402
solana,2023-05-02 19:00:00,22.998322,22.998322,22.007486,22.262825
solana,2023-05-06 19:00:00,22.219642,22.818606,21.741801,21.986706
solana,2023-05-10 19:00:00,22.002452,22.002452,20.656685,20.975705
solana,2023-05-14 19:00:00,20.254403,20.936962,20.254403,20.936962
solana,2023-05-18 19:00:00,21.037748,21.058205,20.345196,20.345196
solana,2023-05-22 19:00:00,20.351527,20.351527,19.558763,19.558763
solana,2023-05-26 19:00:00,20.046909,20.046909,19.214323,19.367
solana,2023-05-30 19:00:00,20.405232,21.248387,20.405232,21.248387
solana,2023-06-02 19:00:00,20.820427,21.257126,20.512889,21.257126
solana,2023-06-06 19:00:00,21.148206,21.86975,20.082497,20.399316
solana,2023-06-10 19:00:00,18.649409,18.918868,15.712291,15.712291
solana,2023-06-14 19:00:00,15.552166,15.552166,14.511891,14.511891
solana,2023-06-18 19:00:00,14.741775,15.626354,14.741775,15.434485
solana,2023-06-22 19:00:00,16.038762,17.263202,16.038762,16.645393
solana,2023-06-26 19:00:00,17.100928,17.100928,16.284013,16.284013
solana,2023-06-29 19:00:00,16.604088,17.99844,15.996425,17.99844
solana,2023-07-02 19:00:00,18.93036,19.446733,18.61277,19.446733
solana,2023-07-06 19:00:00,19.205214,19.919048,18.972151,19.919048
solana,2023-07-10 19:00:00,21.438776,21.896701,21.302647,21.302647
solana,2023-07-14 19:00:00,22.068234,26.708371,21.997628,26.708371
solana,2023-07-18 19:00:00,27.351376,27.36508,25.526176,25.526176
solana,2023-07-22 19:00:00,26.353312,26.353312,24.456785,24.456785
solana,2023-07-26 19:00:00,24.773704,25.151988,23.267717,25.151988
solana,2023-07-30 19:00:00,25.093488,25.165048,24.266784,24.266784
solana,2023-08-02 19:00:00,23.756659,23.925547,23.134813,23.134813
solana,2023-08-06 19:00:00,22.654452,23.160312,22.625092,23.160312
solana,2023-08-10 19:00:00,23.052,24.618873,23.052,24.618873
solana,2023-08-14 19:00:00,24.57981,25.147725,24.223294,25.147725
solana,2023-08-18 19:00:00,23.875641,23.875641,21.330196,21.330196
solana,2023-08-22 19:00:00,21.87833,21.87833,20.553892,20.553892
internet-computer,2023-02-26 19:00:00,6.287856,6.287856,6.107051,6.232759
internet-computer,2023-02-27 19:00:00,6.127942,6.170665,5.800649,5.919381
internet-computer,2023-03-06 19:00:00,5.586466,5.586466,5.327312,5.327312
internet-computer,2023-03-10 19:00:00,5.3372,5.3372,4.768381,4.917005
internet-computer,2023-03-14 19:00:00,4.72592,5.541362,4.72592,5.541362
internet-computer,2023-03-18 19:00:00,5.19112,5.667338,5.19112,5.349266
internet-computer,2023-03-22 19:00:00,5.463065,5.463065,5.107412,5.107412
internet-computer,2023-03-26 19:00:00,5.230024,5.230024,4.927719,4.995821
internet-computer,2023-03-30 19:00:00,4.777962,5.15365,4.777962,5.027449
internet-computer,2023-04-02 19:00:00,5.195994,5.246772,5.076373,5.076373
internet-computer,2023-04-06 19:00:00,4.928349,5.017662,4.88559,4.88559
internet-computer,2023-04-10 19:00:00,4.995451,5.185981,4.920798,5.185981
internet-computer,2023-04-14 19:00:00,5.337963,5.504672,5.337963,5.504672
internet-computer,2023-04-18 19:00:00,5.909327,6.810035,5.909327,6.810035
internet-computer,2023-04-22 19:00:00,6.110699,6.110699,5.527344,5.626113
internet-computer,2023-04-26 19:00:00,5.428757,5.492702,5.305841,5.305841
internet-computer,2023-04-29 19:00:00,5.750547,6.492385,5.750547,6.492385
internet-computer,2023-05-02 19:00:00,6.448881,6.448881,5.736788,5.736788
internet-computer,2023-05-06 19:00:00,5.920834,5.947453,5.595384,5.595384
internet-computer,2023-05-10 19:00:00,5.573155,5.573155,5.283569,5.303774
internet-computer,2023-05-14 19:00:00,5.008617,5.227026,5.008617,5.183953
internet-computer,2023-05-18 19:00:00,5.253297,5.371385,5.229178,5.274017
internet-computer,2023-05-22 19:00:00,5.309772,5.309772,5.059232,5.076014
internet-computer,2023-05-26 19:00:00,5.041845,5.041845,4.819364,4.829836
internet-computer,2023-05-30 19:00:00,4.911422,4.997774,4.833526,4.833526
internet-computer,2023-06-02 19:00:00,4.686539,4.810321,4.670737,4.810321
internet-computer,2023-06-06 19:00:00,4.797121,4.804083,4.34418,4.425162
internet-computer,2023-06-10 19:00:00,4.195424,4.263958,3.704793,3.704793
internet-computer,2023-06-14 19:00:00,3.652788,3.960513,3.652788,3.795255
internet-computer,2023-06-18 19:00:00,3.95433,3.9932,3.95378,3.95378
internet-computer,2023-06-22 19:00:00,3.944645,4.206598,3.944645,4.137519
internet-computer,2023-06-26 19:00:00,4.323486,4.326928,4.254497,4.254497
internet-computer,2023-06-29 19:00:00,4.331465,4.331465,4.042698,4.046083
internet-computer,2023-07-02 19:00:00,4.092539,4.215043,4.092539,4.194095
internet-computer,2023-07-06 19:00:00,4.461639,4.461639,4.073941,4.073941
internet-computer,2023-07-10 19:00:00,4.100937,4.100937,4.034175,4.076223
internet-computer,2023-07-14 19:00:00,4.117564,4.377277,4.117564,4.250563
internet-computer,2023-07-18 19:00:00,4.205153,4.205153,4.072454,4.072454
internet-computer,2023-07-22 19:00:00,4.064174,4.108112,4.040473,4.108112
internet-computer,2023-07-26 19:00:00,4.211013,4.211013,4.01168,4.085505
internet-computer,2023-07-30 19:00:00,4.219693,4.3319,4.219693,4.273785
internet-computer,2023-08-02 19:00:00,4.206988,4.234722,4.136321,4.136321
internet-computer,2023-08-06 19:00:00,4.035204,4.116684,4.015372,4.116684
internet-computer,2023-08-10 19:00:00,4.093677,4.106879,4.023283,4.023283
internet-computer,2023-08-14 19:00:00,4.028647,4.050306,4.028647,4.050306
internet-computer,2023-08-18 19:00:00,3.826703,3.826703,3.396557,3.505037
internet-computer,2023-08-22 19:00:00,3.557606,3.581608,3.427437,3.427437
the-sandbox,2023-02-26 19:00:00,0.723714,0.723714,0.708448,0.719401
the-sandbox,2023-02-27 19:00:00,0.713578,0.713578,0.686378,0.690777
the-sandbox,2023-03-06 19:00:00,0.643971,0.643971,0.615629,0.63302
the-sandbox,2023-03-10 19:00:00,0.61181,0.61181,0.535997,0.535997
the-sandbox,2023-03-14 19:00:00,0.529365,0.646764,0.529365,0.646764
the-sandbox,2023-03-18 19:00:00,0.590686,0.682617,0.590686,0.674423
the-sandbox,2023-03-22 19:00:00,0.691766,0.691766,0.639766,0.639766
the-sandbox,2023-03-26 19:00:00,0.668134,0.668134,0.626992,0.635669
the-sandbox,2023-03-30 19:00:00,0.59608,0.641325,0.59608,0.62219
the-sandbox,2023-04-02 19:00:00,0.629689,0.637331,0.618674,0.618674
the-sandbox,2023-04-06 19:00:00,0.623219,0.657452,0.623219,0.639104
the-sandbox,2023-04-10 19:00:00,0.656516,0.656516,0.637881,0.652527
the-sandbox,2023-04-14 19:00:00,0.6506,0.689219,0.6506,0.689219
the-sandbox,2023-04-18 19:00:00,0.685883,0.701105,0.685883,0.701105
the-sandbox,2023-04-22 19:00:00,0.636542,0.636542,0.589282,0.60302
the-sandbox,2023-04-26 19:00:00,0.58842,0.598007,0.574488,0.574488
the-sandbox,2023-04-29 19:00:00,0.588724,0.590847,0.586927,0.590847
the-sandbox,2023-05-02 19:00:00,0.58111,0.58111,0.560751,0.569795
the-sandbox,2023-05-06 19:00:00,0.581155,0.581155,0.551777,0.551777
the-sandbox,2023-05-10 19:00:00,0.546045,0.546045,0.508398,0.51857
the-sandbox,2023-05-14 19:00:00,0.497805,0.508929,0.497805,0.505074
the-sandbox,2023-05-18 19:00:00,0.504598,0.532723,0.504598,0.532723
the-sandbox,2023-05-22 19:00:00,0.534869,0.534869,0.512063,0.512063
the-sandbox,2023-05-26 19:00:00,0.512668,0.514745,0.497116,0.514745
the-sandbox,2023-05-30 19:00:00,0.527169,0.55724,0.527169,0.555173
the-sandbox,2023-06-02 19:00:00,0.533829,0.576256,0.533829,0.576256
the-sandbox,2023-06-06 19:00:00,0.573717,0.594607,0.526654,0.533192
the-sandbox,2023-06-10 19:00:00,0.492756,0.492756,0.387767,0.387767
the-sandbox,2023-06-14 19:00:00,0.386289,0.388688,0.372551,0.372551
the-sandbox,2023-06-18 19:00:00,0.377549,0.388659,0.377549,0.385289
the-sandbox,2023-06-22 19:00:00,0.387911,0.423498,0.387911,0.417847
the-sandbox,2023-06-26 19:00:00,0.435641,0.442636,0.424714,0.424714
the-sandbox,2023-06-29 19:00:00,0.427769,0.427769,0.397941,0.406573
the-sandbox,2023-07-02 19:00:00,0.418333,0.457186,0.418333,0.447903
the-sandbox,2023-07-06 19:00:00,0.448788,0.448788,0.412934,0.412934
the-sandbox,2023-07-10 19:00:00,0.418974,0.418974,0.411995,0.41657
the-sandbox,2023-07-14 19:00:00,0.424136,0.478485,0.42338,0.4502
the-sandbox,2023-07-18 19:00:00,0.452694,0.452694,0.441632,0.441881
the-sandbox,2023-07-22 19:00:00,0.441559,0.446897,0.43978,0.440413
the-sandbox,2023-07-26 19:00:00,0.457442,0.457442,0.428537,0.429642
the-sandbox,2023-07-30 19:00:00,0.42601,0.438802,0.42601,0.431008
the-sandbox,2023-08-02 19:00:00,0.423298,0.424079,0.412011,0.412011
the-sandbox,2023-08-06 19:00:00,0.404982,0.404982,0.398767,0.403797
the-sandbox,2023-08-10 19:00:00,0.404031,0.408842,0.401575,0.401575
the-sandbox,2023-08-14 19:00:00,0.400066,0.40174,0.392645,0.392645
the-sandbox,2023-08-18 19:00:00,0.371417,0.371417,0.326452,0.328016
the-sandbox,2023-08-22 19:00:00,0.336239,0.336239,0.324149,0.324149
immutable-x,2023-02-26 19:00:00,0.971298,0.981762,0.960636,0.981762
immutable-x,2023-02-27 19:00:00,0.96618,1.062502,0.96618,0.990014
immutable-x,2023-03-06 19:00:00,1.021615,1.052581,0.991514,1.052581
immutable-x,2023-03-10 19:00:00,1.085297,1.085297,0.844989,0.844989
immutable-x,2023-03-14 19:00:00,0.812671,1.180958,0.812671,1.180958
immutable-x,2023-03-18 19:00:00,1.171839,1.548866,1.171839,1.482536
immutable-x,2023-03-22 19:00:00,1.465262,1.465262,1.188882,1.188882
immutable-x,2023-03-26 19:00:00,1.217439,1.217439,1.054206,1.111582
immutable-x,2023-03-30 19:00:00,1.023711,1.125729,1.023711,1.118977
immutable-x,2023-04-02 19:00:00,1.137125,1.137125,1.055471,1.055471
immutable-x,2023-04-06 19:00:00,1.049094,1.107249,1.049094,1.059807
immutable-x,2023-04-10 19:00:00,1.029487,1.083365,1.029487,1.083365
immutable-x,2023-04-14 19:00:00,1.086234,1.219658,1.086234,1.219658
immutable-x,2023-04-18 19:00:00,1.205891,1.211486,1.130055,1.147408
immutable-x,2023-04-22 19:00:00,1.034888,1.034888,0.931266,0.987276
immutable-x,2023-04-26 19:00:00,0.952607,0.976786,0.952607,0.959723
immutable-x,2023-04-29 19:00:00,1.061635,1.061635,1.009987,1.009987
immutable-x,2023-05-02 19:00:00,0.992122,0.992122,0.933137,0.933137
immutable-x,2023-05-06 19:00:00,0.941232,0.941232,0.858476,0.858476
immutable-x,2023-05-10 19:00:00,0.860964,0.860964,0.76455,0.785556
immutable-x,2023-05-14 19:00:00,0.734157,0.757382,0.734157,0.750303
immutable-x,2023-05-18 19:00:00,0.762591,0.787723,0.740983,0.766731
immutable-x,2023-05-22 19:00:00,0.764771,0.764771,0.721029,0.728757
immutable-x,2023-05-26 19:00:00,0.771039,0.771039,0.72337,0.736499
immutable-x,2023-05-30 19:00:00,0.731068,0.776353,0.731068,0.776353
immutable-x,2023-06-02 19:00:00,0.729869,0.803506,0.729869,0.803506
immutable-x,2023-06-06 19:00:00,0.794756,0.816385,0.735012,0.750246
immutable-x,2023-06-10 19:00:00,0.681925,0.7245,0.609839,0.609839
immutable-x,2023-06-14 19:00:00,0.601471,0.621801,0.579104,0.579104
immutable-x,2023-06-18 19:00:00,0.61233,0.630788,0.61233,0.619928
immutable-x,2023-06-22 19:00:00,0.622729,0.697236,0.622729,0.697236
immutable-x,2023-06-26 19:00:00,0.737582,0.739236,0.725497,0.725497
immutable-x,2023-06-29 19:00:00,0.753165,0.753165,0.698954,0.698954
immutable-x,2023-07-02 19:00:00,0.742351,0.751127,0.739245,0.751127
immutable-x,2023-07-06 19:00:00,0.763188,0.763188,0.694552,0.694552
immutable-x,2023-07-10 19:00:00,0.705409,0.705409,0.695029,0.695925
immutable-x,2023-07-14 19:00:00,0.696516,0.764921,0.692501,0.747916
immutable-x,2023-07-18 19:00:00,0.749877,0.752112,0.728719,0.728719
immutable-x,2023-07-22 19:00:00,0.727248,0.748397,0.727248,0.740209
immutable-x,2023-07-26 19:00:00,0.767551,0.767551,0.707932,0.717174
immutable-x,2023-07-30 19:00:00,0.727947,0.752296,0.727947,0.752296
immutable-x,2023-08-02 19:00:00,0.761509,0.799384,0.754062,0.754062
immutable-x,2023-08-06 19:00:00,0.753796,0.753796,0.736721,0.736721
immutable-x,2023-08-10 19:00:00,0.733029,0.733029,0.715588,0.715588
immutable-x,2023-08-14 19:00:00,0.710184,0.710184,0.691527,0.701388
immutable-x,2023-08-18 19:00:00,0.657725,0.657725,0.587265,0.598513
immutable-x,2023-08-22 19:00:00,0.616889,0.616889,0.576682,0.576682
axie-infinity,2023-02-26 19:00:00,10.03387,10.03387,9.81486,10.004113
axie-infinity,2023-02-27 19:00:00,9.964899,9.982584,9.602259,9.744396
axie-infinity,2023-03-06 19:00:00,9.104368,9.104368,8.778433,8.894624
axie-infinity,2023-03-10 19:00:00,8.639474,8.639474,7.354647,7.388916
axie-infinity,2023-03-14 19:00:00,7.317415,8.636018,7.317415,8.636018
axie-infinity,2023-03-18 19:00:00,7.861298,8.949842,7.861298,8.783594
axie-infinity,2023-03-22 19:00:00,9.191199,9.191199,8.403396,8.403396
axie-infinity,2023-03-26 19:00:00,8.752928,8.752928,8.313755,8.427344
axie-infinity,2023-03-30 19:00:00,8.051106,8.503551,8.051106,8.260824
axie-infinity,2023-04-02 19:00:00,8.395493,8.524272,8.318749,8.318749
axie-infinity,2023-04-06 19:00:00,8.26631,8.718516,8.26631,8.550887
axie-infinity,2023-04-10 19:00:00,8.819245,8.819245,8.481102,8.658156
axie-infinity,2023-04-14 19:00:00,8.694349,9.039678,8.611305,9.039678
axie-infinity,2023-04-18 19:00:00,9.051449,9.3926,9.051449,9.3926
axie-infinity,2023-04-22 19:00:00,8.451742,8.451742,7.918613,8.090353
axie-infinity,2023-04-26 19:00:00,7.945884,8.013816,7.810372,7.810372
axie-infinity,2023-04-29 19:00:00,7.955134,7.988366,7.955134,7.988366
axie-infinity,2023-05-02 19:00:00,7.955596,7.955596,7.615285,7.622074
axie-infinity,2023-05-06 19:00:00,7.714773,7.719647,7.396114,7.396114
axie-infinity,2023-05-10 19:00:00,7.311149,7.311149,6.829147,6.978435
axie-infinity,2023-05-14 19:00:00,6.739637,6.801833,6.739637,6.801833
axie-infinity,2023-05-18 19:00:00,6.829584,7.326677,6.826205,7.036206
axie-infinity,2023-05-22 19:00:00,7.006461,7.049464,6.826682,6.9064
axie-infinity,2023-05-26 19:00:00,6.925739,6.925739,6.644786,6.86647
axie-infinity,2023-05-30 19:00:00,6.998068,7.198501,6.998068,7.074523
axie-infinity,2023-06-02 19:00:00,6.881231,7.136463,6.881231,7.136463
axie-infinity,2023-06-06 19:00:00,7.153902,7.260748,6.604575,6.770632
axie-infinity,2023-06-10 19:00:00,6.273017,6.273017,4.985958,4.985958
axie-infinity,2023-06-14 19:00:00,4.948741,4.948741,4.703235,4.703235
axie-infinity,2023-06-18 19:00:00,4.769263,4.904201,4.769263,4.849454
axie-infinity,2023-06-22 19:00:00,4.971265,5.502383,4.971265,5.369733
axie-infinity,2023-06-26 19:00:00,5.657591,5.901488,5.657591,5.800973
axie-infinity,2023-06-29 19:00:00,5.892852,5.892852,5.531489,5.657325
axie-infinity,2023-07-02 19:00:00,5.938318,6.493082,5.938318,6.279983
axie-infinity,2023-07-06 19:00:00,6.312072,6.312072,5.822067,5.822067
axie-infinity,2023-07-10 19:00:00,5.957044,5.957044,5.782768,5.782768
axie-infinity,2023-07-14 19:00:00,5.923021,6.70316,5.923021,6.386127
axie-infinity,2023-07-18 19:00:00,6.313696,6.338598,6.197701,6.283671
axie-infinity,2023-07-22 19:00:00,6.381199,6.483138,6.35155,6.35155
axie-infinity,2023-07-26 19:00:00,6.518671,6.518671,6.02329,6.069302
axie-infinity,2023-07-30 19:00:00,6.042947,6.222484,6.042947,6.102023
axie-infinity,2023-08-02 19:00:00,6.007822,6.076525,5.908294,5.908294
axie-infinity,2023-08-06 19:00:00,5.78543,5.8443,5.728501,5.793949
axie-infinity,2023-08-10 19:00:00,5.785327,5.950706,5.785327,5.924382
axie-infinity,2023-08-14 19:00:00,5.979273,6.051453,5.848271,5.848271
axie-infinity,2023-08-18 19:00:00,5.568394,5.568394,4.825293,4.872823
axie-infinity,2023-08-22 19:00:00,4.946744,4.946744,4.893426,4.893426
apecoin,2023-02-26 19:00:00,5.162702,5.259728,5.029673,5.259728
apecoin,2023-02-27 19:00:00,5.06456,5.075519,4.984736,4.984736
apecoin,2023-03-06 19:00:00,4.798179,4.812601,4.74178,4.812601
apecoin,2023-03-10 19:00:00,4.733047,4.733047,3.969778,4.041662
apecoin,2023-03-14 19:00:00,3.780846,4.496878,3.780846,4.29034
apecoin,2023-03-18 19:00:00,4.112436,4.464724,4.112436,4.272771
apecoin,2023-03-22 19:00:00,4.320935,4.320935,4.019778,4.019778
apecoin,2023-03-26 19:00:00,4.186696,4.186696,4.031095,4.110987
apecoin,2023-03-30 19:00:00,3.926159,4.121493,3.926159,4.060883
apecoin,2023-04-02 19:00:00,4.188471,4.265913,4.17974,4.17974
apecoin,2023-04-06 19:00:00,4.253533,4.253533,4.229533,4.229533
apecoin,2023-04-10 19:00:00,4.210513,4.330013,4.192412,4.330013
apecoin,2023-04-14 19:00:00,4.342352,4.563204,4.342352,4.563204
apecoin,2023-04-18 19:00:00,4.545326,4.545326,4.486383,4.502681
apecoin,2023-04-22 19:00:00,4.138158,4.138158,3.892791,3.96777
apecoin,2023-04-26 19:00:00,3.978785,4.006931,3.918284,3.918284
apecoin,2023-04-29 19:00:00,4.097417,4.097417,4.037538,4.070254
apecoin,2023-05-02 19:00:00,3.904501,3.904501,3.840547,3.840547
apecoin,2023-05-06 19:00:00,3.854786,3.854786,3.581622,3.581622
apecoin,2023-05-10 19:00:00,3.568684,3.568684,3.338027,3.346562
apecoin,2023-05-14 19:00:00,3.225474,3.31394,3.225474,3.302983
apecoin,2023-05-18 19:00:00,3.375122,3.425484,3.375122,3.393555
apecoin,2023-05-22 19:00:00,3.427661,3.468942,3.427661,3.433131
apecoin,2023-05-26 19:00:00,3.500619,3.500619,3.231474,3.231474
apecoin,2023-05-30 19:00:00,3.240162,3.306509,3.191846,3.191846
apecoin,2023-06-02 19:00:00,3.152458,3.152458,3.072891,3.139608
apecoin,2023-06-06 19:00:00,3.120469,3.318191,2.846058,3.127207
apecoin,2023-06-10 19:00:00,2.897705,2.916044,2.295772,2.295772
apecoin,2023-06-14 19:00:00,2.354562,2.354562,2.060453,2.060453
apecoin,2023-06-18 19:00:00,2.090061,2.108462,2.04332,2.04332
apecoin,2023-06-22 19:00:00,2.059707,2.232387,2.059707,2.177985
apecoin,2023-06-26 19:00:00,2.268325,2.325061,2.179523,2.325061
apecoin,2023-06-29 19:00:00,2.316848,2.316848,2.198929,2.23653
apecoin,2023-07-02 19:00:00,2.222757,2.257324,2.170097,2.170097
apecoin,2023-07-06 19:00:00,2.200875,2.200875,1.925323,1.925323
apecoin,2023-07-10 19:00:00,1.907214,1.99544,1.907214,1.930832
apecoin,2023-07-14 19:00:00,1.920335,2.043187,1.884888,2.043187
apecoin,2023-07-18 19:00:00,2.064298,2.064298,1.979459,2.040686
apecoin,2023-07-22 19:00:00,2.047418,2.153379,2.047418,2.060084
apecoin,2023-07-26 19:00:00,2.098239,2.098239,1.992421,1.99535
apecoin,2023-07-30 19:00:00,1.969317,1.974688,1.899089,1.899089
apecoin,2023-08-02 19:00:00,1.858639,1.858639,1.785873,1.785873
apecoin,2023-08-06 19:00:00,1.805088,1.856418,1.800386,1.856418
apecoin,2023-08-10 19:00:00,1.818675,1.870212,1.818675,1.870212
apecoin,2023-08-14 19:00:00,1.902944,2.057749,1.902944,2.057749
apecoin,2023-08-18 19:00:00,1.843712,1.843712,1.544865,1.560942
apecoin,2023-08-22 19:00:00,1.60344,1.60344,1.500177,1.500177
gala,2023-02-26 19:00:00,0.041198,0.041198,0.040268,0.041188
gala,2023-02-27 19:00:00,0.040749,0.04158,0.039558,0.039998
gala,2023-03-06 19:00:00,0.037459,0.039045,0.035053,0.039045
gala,2023-03-10 19:00:00,0.037039,0.037039,0.032355,0.032845
gala,2023-03-14 19:00:00,0.031402,0.043194,0.031402,0.043194
gala,2023-03-18 19:00:00,0.038102,0.045983,0.038102,0.045983
gala,2023-03-22 19:00:00,0.046837,0.046837,0.040857,0.040857
gala,2023-03-26 19:00:00,0.042706,0.042706,0.03856,0.040024
gala,2023-03-30 19:00:00,0.037691,0.0419,0.037691,0.040761
gala,2023-04-02 19:00:00,0.041474,0.041506,0.040676,0.040676
gala,2023-04-06 19:00:00,0.040085,0.04151,0.040085,0.040315
gala,2023-04-10 19:00:00,0.039984,0.041513,0.039642,0.041513
gala,2023-04-14 19:00:00,0.041689,0.043782,0.041689,0.04335
gala,2023-04-18 19:00:00,0.042961,0.04724,0.042961,0.04724
gala,2023-04-22 19:00:00,0.043301,0.043301,0.039617,0.041121
gala,2023-04-26 19:00:00,0.040298,0.040298,0.03845,0.03845
gala,2023-04-29 19:00:00,0.039473,0.039473,0.039036,0.039406
gala,2023-05-02 19:00:00,0.038556,0.038556,0.037302,0.037557
gala,2023-05-06 19:00:00,0.037236,0.037236,0.032404,0.032404
gala,2023-05-10 19:00:00,0.032016,0.032016,0.028417,0.03162
gala,2023-05-14 19:00:00,0.028668,0.030509,0.028668,0.030509
gala,2023-05-18 19:00:00,0.030355,0.032642,0.030355,0.031849
gala,2023-05-22 19:00:00,0.031166,0.031166,0.029536,0.030025
gala,2023-05-26 19:00:00,0.030688,0.030688,0.029771,0.030197
gala,2023-05-30 19:00:00,0.030224,0.031325,0.030017,0.030017
gala,2023-06-02 19:00:00,0.02949,0.030241,0.02949,0.030241
gala,2023-06-06 19:00:00,0.030116,0.030116,0.026511,0.027627
gala,2023-06-10 19:00:00,0.025864,0.026045,0.021222,0.021222
gala,2023-06-14 19:00:00,0.021573,0.022121,0.021224,0.021224
gala,2023-06-18 19:00:00,0.022107,0.023366,0.022107,0.022956
gala,2023-06-22 19:00:00,0.023203,0.025602,0.023203,0.02491
gala,2023-06-26 19:00:00,0.026144,0.026812,0.025598,0.025598
gala,2023-06-29 19:00:00,0.025618,0.025618,0.023386,0.024144
gala,2023-07-02 19:00:00,0.024591,0.025401,0.024591,0.025136
gala,2023-07-06 19:00:00,0.02575,0.02575,0.023478,0.023478
gala,2023-07-10 19:00:00,0.024088,0.024299,0.024021,0.024299
gala,2023-07-14 19:00:00,0.024678,0.026166,0.024145,0.025267
gala,2023-07-18 19:00:00,0.025718,0.027904,0.024931,0.026262
gala,2023-07-22 19:00:00,0.025763,0.026787,0.025763,0.026083
gala,2023-07-26 19:00:00,0.026584,0.026584,0.023425,0.023425
gala,2023-07-30 19:00:00,0.023651,0.023651,0.023173,0.023173
gala,2023-08-02 19:00:00,0.023007,0.02351,0.023007,0.023227
gala,2023-08-06 19:00:00,0.022814,0.024404,0.022235,0.023475
gala,2023-08-10 19:00:00,0.023093,0.02352,0.022796,0.022796
gala,2023-08-14 19:00:00,0.022894,0.023148,0.022894,0.023148
gala,2023-08-18 19:00:00,0.021593,0.021593,0.019112,0.019651
gala,2023-08-22 19:00:00,0.020091,0.020091,0.019331,0.019331
illuvium,2023-02-26 19:00:00,73.402235,75.825076,73.368711,75.825076
illuvium,2023-02-27 19:00:00,74.020004,87.729373,74.020004,85.959293
illuvium,2023-03-06 19:00:00,81.953445,81.953445,77.566625,80.324463
illuvium,2023-03-10 19:00:00,75.633042,75.633042,60.520786,60.520786
illuvium,2023-03-14 19:00:00,62.079805,72.513654,62.079805,72.513654
illuvium,2023-03-18 19:00:00,67.086043,74.927603,66.761208,74.927603
illuvium,2023-03-22 19:00:00,73.557819,73.557819,67.340502,67.340502
illuvium,2023-03-26 19:00:00,69.222453,69.222453,60.299062,61.634065
illuvium,2023-03-30 19:00:00,55.926641,59.903976,55.926641,58.892282
illuvium,2023-04-02 19:00:00,59.988639,59.988639,58.678936,58.678936
illuvium,2023-04-06 19:00:00,58.301477,61.043087,58.301477,60.044672
illuvium,2023-04-10 19:00:00,59.196442,60.030649,58.879581,60.030649
illuvium,2023-04-14 19:00:00,58.962813,63.917957,58.962813,63.917957
illuvium,2023-04-18 19:00:00,64.531284,65.891661,63.524837,64.502976
illuvium,2023-04-22 19:00:00,57.003639,57.003639,53.485118,53.905946
illuvium,2023-04-26 19:00:00,52.518243,52.518243,51.462882,52.215915
illuvium,2023-04-29 19:00:00,53.216049,53.216049,52.868881,52.993711
illuvium,2023-05-02 19:00:00,51.718451,51.718451,50.6945,51.283245
illuvium,2023-05-06 19:00:00,51.031684,51.374675,48.933338,48.933338
illuvium,2023-05-10 19:00:00,48.032693,48.032693,45.581848,46.130415
illuvium,2023-05-14 19:00:00,45.259229,45.300471,44.924068,45.00866
illuvium,2023-05-18 19:00:00,45.564518,48.771982,45.563947,47.343692
illuvium,2023-05-22 19:00:00,47.992224,47.992224,46.500755,46.952875
illuvium,2023-05-26 19:00:00,48.059159,48.059159,47.337078,47.525042
illuvium,2023-05-30 19:00:00,47.470972,49.70598,47.470972,49.70598
illuvium,2023-06-02 19:00:00,52.630179,55.011059,52.630179,54.826683
illuvium,2023-06-06 19:00:00,53.640748,53.640748,50.996951,52.490934
illuvium,2023-06-10 19:00:00,49.841092,50.147964,45.253968,45.253968
illuvium,2023-06-14 19:00:00,45.483543,45.483543,42.613226,42.613226
illuvium,2023-06-18 19:00:00,43.235431,45.153094,43.235431,44.137152
illuvium,2023-06-22 19:00:00,44.383936,47.830525,44.383936,46.520808
illuvium,2023-06-26 19:00:00,47.659498,47.659498,46.220166,46.220166
illuvium,2023-06-29 19:00:00,46.633639,46.633639,43.872056,44.701094
illuvium,2023-07-02 19:00:00,45.842271,46.301983,45.842271,46.105777
illuvium,2023-07-06 19:00:00,46.982334,46.982334,41.546596,41.546596
illuvium,2023-07-10 19:00:00,42.03937,42.03937,39.40889,40.682723
illuvium,2023-07-14 19:00:00,41.390452,43.808886,40.98591,42.712797
illuvium,2023-07-18 19:00:00,41.702168,41.702168,40.68259,40.68259
illuvium,2023-07-22 19:00:00,41.060201,41.845286,40.873671,40.873671
illuvium,2023-07-26 19:00:00,41.544919,41.544919,39.614463,40.004311
illuvium,2023-07-30 19:00:00,41.540866,42.293523,41.216311,41.216311
illuvium,2023-08-02 19:00:00,40.658506,41.346247,40.658506,40.778044
illuvium,2023-08-06 19:00:00,43.190668,48.927021,43.190668,48.22041
illuvium,2023-08-10 19:00:00,46.072694,49.302798,46.072694,49.302798
illuvium,2023-08-14 19:00:00,53.638533,53.638533,51.508129,52.554036
illuvium,2023-08-18 19:00:00,48.991352,48.991352,44.575954,44.575954
illuvium,2023-08-22 19:00:00,45.204984,45.204984,42.922895,42.922895
enjincoin,2023-02-26 19:00:00,0.500996,0.500996,0.472021,0.490455
enjincoin,2023-02-27 19:00:00,0.483162,0.483162,0.462906,0.464383
enjincoin,2023-03-06 19:00:00,0.436696,0.436696,0.418236,0.426671
enjincoin,2023-03-10 19:00:00,0.431323,0.431323,0.358191,0.358191
enjincoin,2023-03-14 19:00:00,0.351789,0.430504,0.351789,0.430504
enjincoin,2023-03-18 19:00:00,0.388451,0.423578,0.388451,0.412069
enjincoin,2023-03-22 19:00:00,0.426307,0.426307,0.388217,0.388217
enjincoin,2023-03-26 19:00:00,0.405299,0.405299,0.384253,0.391525
enjincoin,2023-03-30 19:00:00,0.37049,0.400984,0.37049,0.392627
enjincoin,2023-04-02 19:00:00,0.408247,0.414604,0.396239,0.396239
enjincoin,2023-04-06 19:00:00,0.400402,0.428177,0.400402,0.419397
enjincoin,2023-04-10 19:00:00,0.475076,0.475076,0.436888,0.436888
enjincoin,2023-04-14 19:00:00,0.432285,0.449359,0.421838,0.449359
enjincoin,2023-04-18 19:00:00,0.446196,0.455735,0.446196,0.455735
enjincoin,2023-04-22 19:00:00,0.410599,0.410599,0.384148,0.399115
enjincoin,2023-04-26 19:00:00,0.39225,0.399682,0.391962,0.391962
enjincoin,2023-04-29 19:00:00,0.399663,0.399663,0.395263,0.397843
enjincoin,2023-05-02 19:00:00,0.388458,0.388458,0.377689,0.37961
enjincoin,2023-05-06 19:00:00,0.38756,0.38756,0.37058,0.37058
enjincoin,2023-05-10 19:00:00,0.366919,0.366919,0.344104,0.353292
enjincoin,2023-05-14 19:00:00,0.334878,0.338845,0.333201,0.33829
enjincoin,2023-05-18 19:00:00,0.340497,0.356113,0.340497,0.347863
enjincoin,2023-05-22 19:00:00,0.347266,0.347298,0.339666,0.339666
enjincoin,2023-05-26 19:00:00,0.341269,0.341269,0.327022,0.332177
enjincoin,2023-05-30 19:00:00,0.338458,0.344638,0.336087,0.338158
enjincoin,2023-06-02 19:00:00,0.325877,0.334386,0.325877,0.334386
enjincoin,2023-06-06 19:00:00,0.331165,0.337188,0.310285,0.324356
enjincoin,2023-06-10 19:00:00,0.300952,0.300952,0.252753,0.252753
enjincoin,2023-06-14 19:00:00,0.251236,0.256828,0.247816,0.247816
enjincoin,2023-06-18 19:00:00,0.253754,0.260125,0.253754,0.255801
enjincoin,2023-06-22 19:00:00,0.258005,0.281446,0.258005,0.278969
enjincoin,2023-06-26 19:00:00,0.290817,0.305297,0.290817,0.292421
enjincoin,2023-06-29 19:00:00,0.295963,0.295963,0.277349,0.283668
enjincoin,2023-07-02 19:00:00,0.297071,0.316013,0.297071,0.311645
enjincoin,2023-07-06 19:00:00,0.317106,0.317106,0.294437,0.294437
enjincoin,2023-07-10 19:00:00,0.293461,0.295071,0.290033,0.290033
enjincoin,2023-07-14 19:00:00,0.298959,0.323338,0.297506,0.310704
enjincoin,2023-07-18 19:00:00,0.317313,0.320516,0.308545,0.308903
enjincoin,2023-07-22 19:00:00,0.30851,0.308605,0.304514,0.305313
enjincoin,2023-07-26 19:00:00,0.322474,0.322474,0.302102,0.302102
enjincoin,2023-07-30 19:00:00,0.298484,0.306522,0.298484,0.302654
enjincoin,2023-08-02 19:00:00,0.297011,0.298638,0.290363,0.290363
enjincoin,2023-08-06 19:00:00,0.289316,0.289316,0.287129,0.287129
enjincoin,2023-08-10 19:00:00,0.287166,0.291437,0.287166,0.289591
enjincoin,2023-08-14 19:00:00,0.287911,0.291491,0.287911,0.289782
enjincoin,2023-08-18 19:00:00,0.27586,0.27586,0.236498,0.242058
enjincoin,2023-08-22 19:00:00,0.244455,0.244455,0.240109,0.240976
stepn,2023-02-26 19:00:00,0.392084,0.39833,0.377286,0.39833
stepn,2023-02-27 19:00:00,0.393371,0.423299,0.369718,0.423299
stepn,2023-03-06 19:00:00,0.398449,0.398449,0.370869,0.373628
stepn,2023-03-10 19:00:00,0.357804,0.357804,0.308553,0.310405
stepn,2023-03-14 19:00:00,0.30547,0.410498,0.30547,0.410498
stepn,2023-03-18 19:00:00,0.368361,0.456217,0.368361,0.456217
stepn,2023-03-22 19:00:00,0.449909,0.449909,0.392591,0.392591
stepn,2023-03-26 19:00:00,0.414712,0.414712,0.384477,0.392993
stepn,2023-03-30 19:00:00,0.370584,0.395287,0.370584,0.386348
stepn,2023-04-02 19:00:00,0.394312,0.398978,0.383792,0.383792
stepn,2023-04-06 19:00:00,0.37953,0.386166,0.37953,0.382211
stepn,2023-04-10 19:00:00,0.382479,0.382479,0.372886,0.379121
stepn,2023-04-14 19:00:00,0.378775,0.401569,0.373709,0.401569
stepn,2023-04-18 19:00:00,0.398601,0.400455,0.389497,0.398807
stepn,2023-04-22 19:00:00,0.359881,0.359881,0.332982,0.336675
stepn,2023-04-26 19:00:00,0.326225,0.333298,0.324348,0.324348
stepn,2023-04-29 19:00:00,0.328821,0.339062,0.328821,0.339062
stepn,2023-05-02 19:00:00,0.330105,0.330105,0.318225,0.319034
stepn,2023-05-06 19:00:00,0.321448,0.321448,0.294431,0.294431
stepn,2023-05-10 19:00:00,0.296771,0.296771,0.259589,0.276255
stepn,2023-05-14 19:00:00,0.275344,0.275344,0.269393,0.270374
stepn,2023-05-18 19:00:00,0.276033,0.284208,0.275717,0.283915
stepn,2023-05-22 19:00:00,0.287219,0.29829,0.27316,0.29829
stepn,2023-05-26 19:00:00,0.298696,0.298696,0.26527,0.26527
stepn,2023-05-30 19:00:00,0.266644,0.273205,0.264099,0.264099
stepn,2023-06-02 19:00:00,0.257432,0.261228,0.257432,0.261228
stepn,2023-06-06 19:00:00,0.266231,0.270241,0.238875,0.244257
stepn,2023-06-10 19:00:00,0.231657,0.232071,0.191494,0.191494
stepn,2023-06-14 19:00:00,0.190625,0.193041,0.185832,0.185832
stepn,2023-06-18 19:00:00,0.189998,0.201332,0.189998,0.196358
stepn,2023-06-22 19:00:00,0.196596,0.220231,0.196596,0.216566
stepn,2023-06-26 19:00:00,0.228661,0.235866,0.227122,0.227122
stepn,2023-06-29 19:00:00,0.230016,0.230016,0.209834,0.216014
stepn,2023-07-02 19:00:00,0.220604,0.232832,0.220604,0.228495
stepn,2023-07-06 19:00:00,0.232594,0.233279,0.215119,0.215119
stepn,2023-07-10 19:00:00,0.216421,0.216421,0.212608,0.213827
stepn,2023-07-14 19:00:00,0.217569,0.243905,0.217569,0.228492
stepn,2023-07-18 19:00:00,0.238506,0.282865,0.23162,0.242988
stepn,2023-07-22 19:00:00,0.234173,0.234173,0.224703,0.224703
stepn,2023-07-26 19:00:00,0.226138,0.226138,0.21186,0.212299
stepn,2023-07-30 19:00:00,0.210677,0.216608,0.210677,0.213751
stepn,2023-08-02 19:00:00,0.211334,0.214958,0.208242,0.208242
stepn,2023-08-06 19:00:00,0.206071,0.206071,0.204035,0.204035
stepn,2023-08-10 19:00:00,0.203801,0.206184,0.203402,0.203402
stepn,2023-08-14 19:00:00,0.203153,0.205242,0.203153,0.204112
stepn,2023-08-18 19:00:00,0.193176,0.193176,0.158686,0.16394
stepn,2023-08-22 19:00:00,0.167967,0.167967,0.165374,0.165374
floki,2023-02-26 19:00:00,4.7e-05,5.1e-05,4.7e-05,5.1e-05
floki,2023-02-27 19:00:00,4.9e-05,4.9e-05,4.5e-05,4.5e-05
floki,2023-03-06 19:00:00,4.1e-05,4.2e-05,4.1e-05,4.1e-05
floki,2023-03-10 19:00:00,4.2e-05,4.2e-05,3.3e-05,3.3e-05
floki,2023-03-14 19:00:00,3.3e-05,3.9e-05,3.3e-05,3.9e-05
floki,2023-03-18 19:00:00,3.6e-05,4.1e-05,3.6e-05,3.7e-05
floki,2023-03-22 19:00:00,3.9e-05,4e-05,3.7e-05,3.7e-05
floki,2023-03-26 19:00:00,3.8e-05,3.8e-05,3.5e-05,3.6e-05
floki,2023-03-30 19:00:00,3.4e-05,3.4e-05,3.3e-05,3.3e-05
floki,2023-04-02 19:00:00,3.4e-05,3.5e-05,3.4e-05,3.4e-05
floki,2023-04-06 19:00:00,3.7e-05,3.7e-05,3.4e-05,3.4e-05
floki,2023-04-10 19:00:00,3.4e-05,3.5e-05,3.4e-05,3.5e-05
floki,2023-04-14 19:00:00,3.4e-05,3.6e-05,3.4e-05,3.5e-05
floki,2023-04-18 19:00:00,3.7e-05,4e-05,3.7e-05,3.7e-05
floki,2023-04-22 19:00:00,3.3e-05,3.3e-05,2.8e-05,3e-05
floki,2023-04-26 19:00:00,2.9e-05,4.5e-05,2.9e-05,3.6e-05
floki,2023-04-29 19:00:00,3.7e-05,3.7e-05,3.5e-05,3.5e-05
floki,2023-05-02 19:00:00,3.4e-05,3.4e-05,3.2e-05,3.2e-05
floki,2023-05-06 19:00:00,3.3e-05,4.9e-05,3.2e-05,4e-05
floki,2023-05-10 19:00:00,4e-05,4e-05,3.4e-05,3.8e-05
floki,2023-05-14 19:00:00,3.5e-05,3.6e-05,3.5e-05,3.6e-05
floki,2023-05-18 19:00:00,3.5e-05,3.5e-05,3.3e-05,3.3e-05
floki,2023-05-22 19:00:00,3.3e-05,3.3e-05,3.1e-05,3.1e-05
floki,2023-05-26 19:00:00,3.2e-05,3.2e-05,3.1e-05,3.1e-05
floki,2023-05-30 19:00:00,3.3e-05,3.5e-05,3.3e-05,3.3e-05
floki,2023-06-02 19:00:00,3.1e-05,3.2e-05,3.1e-05,3.2e-05
floki,2023-06-06 19:00:00,3.2e-05,3.2e-05,2.8e-05,2.9e-05
floki,2023-06-10 19:00:00,2.7e-05,2.7e-05,2.1e-05,2.1e-05
floki,2023-06-14 19:00:00,2.1e-05,2.2e-05,2.1e-05,2.1e-05
floki,2023-06-18 19:00:00,2.1e-05,2.2e-05,2.1e-05,2.2e-05
floki,2023-06-22 19:00:00,2.2e-05,2.6e-05,2.2e-05,2.6e-05
floki,2023-06-26 19:00:00,2.7e-05,2.7e-05,2.6e-05,2.6e-05
floki,2023-06-29 19:00:00,2.6e-05,2.6e-05,2.4e-05,2.4e-05
floki,2023-07-02 19:00:00,2.9e-05,2.9e-05,2.7e-05,2.7e-05
floki,2023-07-06 19:00:00,2.8e-05,2.8e-05,2.5e-05,2.5e-05
floki,2023-07-10 19:00:00,2.5e-05,2.5e-05,2.5e-05,2.5e-05
floki,2023-07-14 19:00:00,2.5e-05,2.6e-05,2.5e-05,2.6e-05
floki,2023-07-18 19:00:00,2.6e-05,2.6e-05,2.4e-05,2.4e-05
floki,2023-07-22 19:00:00,2.4e-05,2.4e-05,2.4e-05,2.4e-05
floki,2023-07-26 19:00:00,2.4e-05,2.4e-05,2.2e-05,2.2e-05
floki,2023-07-30 19:00:00,2.2e-05,2.3e-05,2.2e-05,2.2e-05
floki,2023-08-02 19:00:00,2.2e-05,2.3e-05,2.2e-05,2.2e-05
floki,2023-08-06 19:00:00,2.2e-05,2.3e-05,2.2e-05,2.3e-05
floki,2023-08-10 19:00:00,2.2e-05,2.2e-05,2.2e-05,2.2e-05
floki,2023-08-14 19:00:00,2.3e-05,2.4e-05,2.3e-05,2.4e-05
floki,2023-08-18 19:00:00,2.3e-05,2.3e-05,1.8e-05,1.8e-05
floki,2023-08-22 19:00:00,1.9e-05,1.9e-05,1.8e-05,1.8e-05
